<?xml version="1.0" encoding="UTF-8"?>
<project-private xmlns="http://www.netbeans.org/ns/project-private/1">
    <editor-bookmarks xmlns="http://www.netbeans.org/ns/editor-bookmarks/2" lastBookmarkId="0"/>
    <open-files xmlns="http://www.netbeans.org/ns/projectui-open-files/2">
        <group>
            <file>file:/C:/xampp/htdocs/PRC/FIles/BloodBank.php</file>
            <file>file:/C:/xampp/htdocs/PRC/FIles/HomePage.css</file>
            <file>file:/C:/xampp/htdocs/PRC/FIles/LoginPage.php</file>
            <file>file:/C:/xampp/htdocs/PRC/FIles/HomePage.html</file>
            <file>file:/C:/xampp/htdocs/PRC/FIles/BloodBank.css</file>
            <file>file:/C:/xampp/htdocs/PRC/FIles/HomePage.php</file>
        </group>
    </open-files>
</project-private>
